number,start_height,start_slot,start_hash,end_height,end_slot,end_hash
207,4468967,4471200,0af75a2eec5021d824efe6f15540910b1d97924fdc11e5132baf3bd7a6ec24a3,4490510,4492799,f8084c61b6a238acec985b59310b6ecec49c0ab8352249afd7268da5cff2a457
208,4490511,4492800,aa83acbf5904c0edfe4d79b3689d3d00fcfc553cf360fd2229b98d464c28e9de,4512066,4924780,a0805ae8e52318f0e499be7f85d3f1d5c7dddeacdca0dab9e9d9a8ae6c49a22c
209,4512067,4924800,cf8c63a909d91776e27f7d05457e823a9dba606a7ab499ac435e7904ee70d7c8,4533636,5356780,4ddf277b3aff32931843da9f7900f5ef2fffed15b124891c485be4b3a06fca72
210,4533637,5356800,08ee1bf259bfcef72a3a65ff5bf147ae8937503b1c9ff93018ba027947412395,4555183,5788780,9e6fc811d9b09f7c8c6d7a23dc8b3360a9c4a3930ba640ce107e944d5e2750e2
211,4555184,5788800,33a28456a44277cbfb3457082467e56f16554932eb2a9eb7ceca97740bd4f4db,4576498,6220777,bc98eda36819d00f424e63aeb4eb43950bd5eacf37f2c35a2b8f807aa68cd895
212,4576499,6220800,19f89536c5b195df30aed9f378006ff4a5b875aa7a28e03ee8cdae1011ebd277,4597778,6652775,6707ef3c2e885c25d5081a1aa0dd03e81492e21c5955208f23eee3d92ae28f9f
213,4597779,6652800,8839b697618eb1b3167bcd2658e10008d9c1d11bd32b305abf497371cd79dafa,4619220,7084774,057c01d0a0f0b6c554589ac5baf6b72b63cd22b2d668ee86f7421199eab1c46c
214,4619221,7084800,95da0614ded8ab3aa8e86b11516573c5c729bd80611994ebc698dd2fcdd03bd1,4640672,7516773,cd0dad9ea278cc82d9c3dbefa1769ddbfb9358dc800e4a70a4cc1e671489c493
215,4640673,7516800,04c05bec0d277eb9620479d63afcaabc117007f6651feea2521ac04bcb62b041,4662244,7948772,cff7c23b9f62ad48a2436b2270a10bb9286999a721f1da3bde35f6f1579d1464
216,4662245,7948807,580aa7643137e55e0d7a2fe86243607ab5d7b39fac211a5372393d795ef3d8e7,4683461,8380772,47fef957a7152647dacbcff13242b3ef3c416930e23cd55722c36c1fd126c721
217,4683462,8380800,df7011f486a8608e8817d8338d7b1b29219678a87f4f8bebec2bff66809027a0,4704189,8812771,b443a5f241ab2657bbb4bd8ce6b364e0c6b7a4f46f89a184f41ee3acddeba0e2
218,4704190,8812800,c74ffe58d3932572264e5642908b5fc1dda1329351c27fea7dbff101279d3b7a,4724700,9244771,0c4f6684ff5b5bbe80f3eb649be5af4a35ad57947fb72b642ece38d18208221f
219,4724701,9244800,68d3ccbc93fe2ef900da77e033616e8bc87061850c739ac2df808c044d78c930,4746127,9676769,e130e1480df8eaf8cae2433955c5461ac907befdfae7f1d1e85b313839e334c6
220,4746128,9676800,514bd8776810437acb303c04f91a1f95b3d55bd4adf825a70d0508d9ad467245,4767754,10108768,7b3444b3930b4e2fd42fa0c4b3c3196dd7c74119b3dcd092422f6c6a0a64e282
221,4767755,10108800,dc1668f4666b4a1b919ebb9bca9cbd53e169374946db279d020c4bad567cfdc2,4789301,10540771,f5ca679be7d7faa3df663eba136e195f6ae74f089cbf207cebad256491366464
222,4789302,10540800,2674c49c3bc021237798fe4c90e03427d0afdb50fdeb3caa0cc31bdf6a1e61de,4810767,10972774,05b56eec3fadfbb9ae317a956e60d2815a6a32ed52cf15902362a6cbd623a55d
223,4810768,10972800,165774f3337e770b162cdbcf8ebf46ee3e0195bf1f3816b11d9928397c44c882,4832141,11404765,21663ad756e0ea6f18c48ad3caa05892885d5170f44594fe7dfb0d4083ff95b7
224,4832142,11404800,f7850b8f0c49fc82c50b374d6e248b374f7316cdd8565105965e572ab14a14dd,4853465,11836777,2f52d6aedd2315786c27595068b57a21efe6e6807b5312f6a4bb169b2a0dc7d8
225,4853466,11836800,ef491c14d6041b750f09662ff6dcf0171e3ee1f5ce7b9966ce2470b4f732064e,4874763,12268795,badf047472965864e00848906624fd9c11e8a238555ded824db98d24870b41d4
226,4874764,12268800,abe6e1160ffbb6726edf24833e2867c5c75a26c7d0f56f6739fcc6c002ba4ce9,4896202,12700761,79b1d4698bf87aaaca2b9a5a9a17e8dcf2c2ed853a2a6c98efecf953b08d1bb1
227,4896203,12700800,fa7f40d93883fb6d0ed4f30faf5874c897410bb4f0516434f96a6681d1115bd6,4917327,13132763,c19c89792973fe2fff25e5b715e785d549da9647c2f9b7940aefcd29759dcd70
228,4917328,13132800,b08f32e2f81e5a8a3397214a4856b65e5952a993a1908b14dd244b9fb7732e4f,4938498,13564796,5d8ea0d4cf2d4f46cc91aa48e83c029691f836d7200e11e26402f9a2bcb25987
229,4938499,13564800,e3a706d04c77b97d8347bdce75696d4799005d7fb9eadb79e96f1e90c15e36df,4959727,13996756,9e2c365256b6627799b0facf3b1d1e18f253f11730378d461488ed6db6ff1b35
230,4959728,13996800,a037c1fb4671833ea982a87a5270da343c4d214ca7d0337c3711ac9e79689fe0,4980971,14428791,0a9ced18db6616fad8ac938631ef3a7177d78c7c71bedf8898875a5fb6c988ec
231,4980972,14428806,78adbe94d654f9f419df371a3c6620d807d64ed00b51f56381d21d6397e5d1c9,5002060,14860752,d585c7851f2a96b79ead9350bc6f7941b67a44a9b78adaa65f749133be148e4d
232,5002061,14860800,95718cfadbff0142a554d44457682434bd2a0aeb1410ef629085b361cb60465f,5023209,15292771,e768d2c7763b2ccde18dc0b202549b53dcad77250429d29b114827843f93cb43
233,5023210,15292800,6929a98de8972e766271b837888db36088d99b3793f75f1f35fdb26203274990,5044274,15724787,0e9414b9a2fb22e75322562e58af8281450240ebccc28631fe49bbc0e03dd981
234,5044275,15724800,09d494c2c3c1ea27045f684013416f2b03cc4ebe7a40d0e63c51deeba448de56,5065320,16156799,1b318f929678011c2773fabf732f609a03a1d30bbc89781728c20e2e8848b15b
235,5065321,16156810,3d2f9e42139ba3079d8974c58238eadbc3d382c4c73c580837b46ce3426ace49,5086523,16588737,4e9bbbb67e3ae262133d94c3da5bffce7b1127fc436e7433b87668dba34c354a
236,5086524,16588800,078d102d0247463f91eef69fc77f3fbbf120f3118e68cd5e6a493c15446dbf8c,5107438,17020755,43d6c643ad14b355aaaa0846c8ff20dbac1d777007eec43df80588a596045b21
237,5107439,17020800,3dc8c3b0437ee937491fb76cacc149f0bfb3bde38637247b8907353ab261fc04,5128878,17452782,27ac6651bf2cf3209edef915beb6725ac758f2e89fa295068f073343cc5311c1
238,5128879,17452804,889d73821ef99401622ef9be5ada7d1d4293a0d139c69203461f6ef49501b4cc,5150123,17884744,6d24f1fd923c9bb8a0ebf5353a1c1a90e3490d28952556e0f80a60f7a9e640be
239,5150124,17884800,458e93b3476048aa228c860bc31dc7e0dcb01a19bb5c85f8d104304f19e5df63,5171381,18316772,64284b37de8d751549477134729f51c446d20625d7f780d4cc02a02ace9176bf
240,5171382,18316800,376a127476a94dae53f542ba7ef784dc5cb7de0cd900fc86fd519144b3de5b86,5192809,18748755,7d01e940ee0c7ef005a568491ae8a4b1957a1147c92f68c219285ba8f7b98f91
241,5192810,18748810,928f3359181f8e779213712336c4e52d81f9d165b9ea408e91031abd4cd66031,5214208,19180797,0693347fa180fe30c17c0637d352fceebad40e94d2e6076af61ec0aafbbce2ae
242,5214209,19180800,8275e35e1c79d6ae87fe07f5183c9bf7b28c74aaea7f09ad730c6406902f4ca2,5235626,19612785,57cb3f3d38d124f6f3911c09be5e05f42f7a9ce64e9cee384d1482570cd7ce0f
243,5235627,19612800,b687d2012739687a3543c1ec4b47b899b5519c94299cd6537174467707b979ad,5257212,20044799,70de00983baa3042c1473638cb835f5c6978964c6d6a6116e5b674ee5b9ca2a2
244,5257213,20044800,e6841a01da8f90ec3158c1e2ff5129f6c418d67cc4e25773c6380c60c7e30710,5278703,20476787,4aeb8d241777ab2a863af699c4cbe65a7b320e0a69a2dcffe0eef05011467c0c
245,5278704,20476800,1d0f6e3db4d1a9acbe758cb7baa1c4e32ac35f09d1f9f05b88e08a3b5bb816a0,5300188,20908716,276475616bae4ac8f305d3604282104567b695d2aae12a7132120e4556f045c9
246,5300189,20908800,b5e181f2b79c62cdb2d5235d09d51caf79e893af9ce34f653e55ec9e3756036c,5321515,21340776,5e70c7bc2cf08f323a464a10d257ee51563251325333a650cc769131290e4559
247,5321516,21340800,8d260e93b561420306204dae607b97603e73df9cf51df6564f7da3387a06883b,5343023,21772752,d038441ff8ae0626ef8ccec03515cf8f252d4d5bf3cc1aca3319694d5d81cdfb
248,5343024,21772819,f6eddc79ba931c1adfb8ba861e78de2ea3d2b7f17bf7912f874c14d3c4669db1,5364379,22204796,d0d1888bc7fdc31287ea25c0ec76b159909a45de06bd7384dd7e5ed0a65c05fc
249,5364380,22204800,5a80e5a52302d5843f519da1c7cd5c6aa8edbfb11a8cdca960323a0f20037200,5385755,22636782,f7ae7b4955aff041e5749f5e9409e85893e5c47a5d19d9d6138cbf4d5ee1740a
250,5385756,22636800,9d33b02badaedc0dedd0d59f3e0411e5fb4ac94217fb5ee86719e8463c570e16,5406746,23068793,69c44ac1dda2ec74646e4223bc804d9126f719b1c245dadc2ad65e8de1b276d7
251,5406747,23068800,a650a3f398ba4a9427ec8c293e9f7156d81fd2f7ca849014d8d2c1156c359b3a,5428070,23500795,82fa4d633a4f6e062309c56383505e05e4274e8ce4ec80eb0fe91212a4ba91fb
252,5428071,23500800,2ffc36206cbc991c7108472c0aaacd39f3322e9d77d2795e434f54d12218aa62,5449155,23932768,4253ec1a2a1e4ba452b794ec6afc67aa5e192e5402ce85a3d13ca09ef46aaa96
253,5449156,23932800,8e36b34e484a86dd451fecac57e3ebe6a46d8d741d1522779465c6508311ceef,5470077,24364798,e92f0eb1e815fabb2a83c188cb772617207e61cdfb7974b62520eb4c92524775
254,5470078,24364800,e406705da94df7c6601bd00db3b42771f3ba317644385ead501a9b4bcc5c3e2a,5490790,24796771,7733bf9913e14846a933461d6f35cf7f21a5ff9f6167d9231e5c517338483fdd
255,5490791,24796800,a6f6338e86c5b01cd3d8f315ab74c2b4b1728051d892f2f6d68837277db9ddcf,5512058,25228785,88e3d20d4feb8125f22541514e6be8d2f24b408a299cfbe9267c58ce76d6acab
256,5512059,25228800,5db956fc7ec72bda14702a602eb0ddacab14a28da1d2f7805d591e1a549e7885,5533117,25660794,df64e6b6c3a356d038862efc9424d9fb2455b2f0dd44cc8bb1b55f0d4fe0570e
257,5533118,25661009,82bca7350cf1efa834161f92e4603f68d6c6f7c32c0fb3382e77f9587fdd173e,5553953,26092795,492f5ec89333477b5d83b80dc641bf2693a1dae5eac38785dfebb2e16b2d9b5d
258,5553954,26092855,598050f0d4bf4512800f12a21e7f2185b95c0c49de1ebcea2ff8ef8540664551,5574974,26524788,2c4372ccaa6c9a568a921c8fc14a7c5fa8f73ce01445e8913d58965fc9af0385
259,5574975,26524935,daabb329039da40a32956e02b292ab67fb9d0e9321523032b9914ee0e1feafda,5595770,26956786,d85e91a99226064960d12c034f1f00d8a1c898b30e0abfb48c86cdd2d9348c0b
260,5595771,26958246,f744fe4b6c202ce260ccc47776bc706d8719367362186b22cdf8d90b707af7ac,5616817,27388776,cf7b8b7dfbbe05d71054d0809c227b8ea5c13a11533c84f381f09683e8893629
261,5616818,27388814,1c5d5c461d9b3a3c6f259a9c12f2266f1f4d393a69320e5a26851200fa8be043,5637904,27820794,c8ee4982a493fe2e99162c0a35d02e9a10be11e56aa622d3726c6e7f9fe76676
262,5637905,27820930,255c3462e6aaad2262f10b8a8bb96e011895cd8d1921ff89a7ad2f4451bdcd40,5659098,28252793,ddca3ea00f49c601104d0a167fdb1ef2859ae32e228c0d86850e8723ac69e0c2
263,5659099,28252836,b897bf9d15687339e0dfe47c61096082a8b5e0c34fd0530c28df74bffea4e7b8,5680209,28684798,4ecf1eb8b6962d554a54563bf1dec764f6e5a85df11e8b0a9542369bdd3c0a6d
264,5680210,28684956,52b522cb9e73ccdccae5306a7f11ab6aab82bf7c0edb9765e2302a9fc3b2c53d,5701336,29116786,0084bdf3a0f84e90d0cff62b41b6bfed0db80d3bcb37fcbe5e806820d34c16cc
265,5701337,29116840,0fcd5d65be95ef41972acc58ffc27680ce2f8e75f6796cfd87ea1db45b6cd0ad,5722763,29548789,ae22c142540fcdd20ee0492423712ca2d06010d165bec34e5d6cd9d783ad5971
266,5722764,29549105,cbee67120ea569f6ee02fb6712e53726ae0d8de0863e989444326b913daf1d3f,5744167,29980787,d94a35b061befecc8facdf9524caec25020588cc1bd90da1a21c8d5c854c8b1c
267,5744168,29980800,6ee584237ffcc76df6292f17186b9603c577f22038c760f602dbf54384566e9a,5765869,30412794,801c708e1b57dc990e1a53bb8f28cd6f5d1cfa199f8e6b374adb4182cf28b9d5
268,5765870,30412818,7e837147a606e64848a99dc3d55cdd598f62930cae6cfa3969b233f9a312fc47,5787282,30844778,ce6f477cbf2ef6596e1ac55ca319494a51d3bd4eb0a7a21dfe68cc4c6baf7dd3
269,5787283,30844826,47d67f28b3da0e7057b6d103f2e2c8da4fc5d32488e3dee19622350c39c7125d,5808791,31276781,c43db5b54ac0748c2e7539157892f30c6f8cb16d214b8ea012fd074f4ec9166e
270,5808792,31276892,24d5855228a118d89e70bdb78652bd7cca7eae98a8ae9bac50fec50000180f95,5830186,31708747,085e8b98910e10cb7ad1c5df6859bfa2670b8f45c87732807b866011040504fb
271,5830187,31708807,b4f00fa44f35ab85082ccaacfedf4213435edb95be6eb7531ed3b562b6e4cd79,5851596,32140768,e4cd6e384d276860930cdb95b3aa217271ffe92521e1cd496c81222ee7686cb1
272,5851597,32140832,3873befae31d9f0ae5e1426d4393c182702f8703162ff53595f2fcafbb9d4b21,5873095,32572796,b8cd7355ac6c2568b7af23339188c69c1589b64cd02219d46a265879cf462af7
273,5873096,32572833,57e5f1e4af7f9646fbe7ff106170074cc2df3e6486b9ec8ff2a7893fcaf3cd52,5894559,33004798,9c2e3e4737ab5755cdd2b75ac5b6635dc170edb6c25790dfebe59bed66a4a13b
274,5894560,33004864,a6c0ede45233ae608d6583978cf2aef9a0523bca7a02d1163ffa5db9ab26f672,5916080,33436780,94fc755e947d902f78dafb359b1dc8bad17193dba2ec3a87e8940856ab606d02
275,5916081,33436964,4603303d9fb729ecc629e118e7315230b4be6dfb5c1f2a990816f7dad8065c35,5937585,33868795,39a40e945356713468ac3d41ceb80ca2beee6bb91abca950f669e798306bae80
276,5937586,33868855,637539836f498afdd2c69fbf9bf47207d7388fbe6eb23e56030e544d109524ff,5958883,34300792,1b74263ca66c498114ba303c9b4b7256100c950cccf99a7cfe241185031b26c2
277,5958884,34300876,b24b988ac277ecfa6165a3b6e155f3a0e5751bd121babc4cbdc9da6888a3766b,5980206,34732797,5e337aef469e3625cc3a0224342ffe1f83a2319d23ef39ce9a8e72e8f755fb20
278,5980207,34732809,756b8ded3fafc7ce2f0f2d13a5676816f5c04f70549f91362f8b154c3beb7113,6001558,35164788,2ecf1621813a0c318a2d862531897a143d456a8c29fffee604b97cdd5dba4e90
279,6001559,35164928,edaec2c7d01204343bfb5e55e06def0e2e7aef87bfb3356c67763c22b903f299,6022962,35596790,12ceb56ac84c64b8cd4b4235943508cb143eb6cf2bd4a2e6a6269513a0f79111
280,6022963,35596845,a2fcb5b92fd93fc63373de27b75509ebb84d66ebffc62db896487a9cb1bdf05b,6044166,36028793,551c2d4d71a37257ceb24dc4e42a9f0f50de14262728385ac85738cc78b6d77e
281,6044167,36028907,06ba11e0ce28e3fdf921578c1ef1a3cd8399ffda4b0f776ccb01d5a3f9d32f6d,6065577,36460791,f060a26ca5869433420669ada3b26ce1cb8eb03b4dad6a6e04162d475c369fb8
282,6065578,36460800,defa5e7239eb57be68681fc144b2eef13c1903ece12a06f2d8e801a3c321a9c4,6087029,36892795,bbbdaee5f28c5393bda9f31c9d57f2684966f6562a5f2c16b872427207638793
283,6087030,36892877,843065fedaf499b472cf32bbda538f6c4aded97244ded63b824efae28ed07cbc,6108441,37324764,17d141a41cb12a5bf9ea24c0e0bcba561e02615bffea92bf6bfcdcac2ab779e2
284,6108442,37324870,122603fef8815a07aabedb09e7d50da8eb4230506683343ae4df0811d5db1428,6129958,37756797,caa4f9975c91e5f9ab07f19bdf640ede9308edbdbd019dcfc8daa77a6421e635
285,6129959,37756837,be3019a5cde5aefc9dff5de45d58420ca8ebc03aae64c81b92fc820df8783adb,6151159,38188791,510f3078af0351338083ad96cd3eafd1874ee67ac9c5dc1ce67af46271b17256
286,6151160,38188884,23236291621774d7299cb3ce69b492bd2abae56539702b65a198be575cc31412,6172663,38620796,7ad5a7da06eeb5a15ddac5b437afcab5d696d1561f2e7549fbe9a6a3adb762e1
287,6172664,38620939,0cdaf4109c3c80149098e943efbc94538094905cbe22f2a7bc6276cac582602a,6193728,39052794,1693df35ad6cd02981ef2fe314078561e52bc61f5a8cd9d01012bde8fb663e6f
288,6193729,39052810,2e5bc65b985bca4958790f6b97dd75bb3c53a364199c5ec5f5a49766b82a1e90,6214864,39484797,86ad35fd0bf316a036dd8794400ead9d4431d6df28eab986864bd5ef65e97f87
289,6214865,39484840,faf4ceb70f91e6ed3d1baa584780f6d3e7a29a23bb17287f5bb1283ae5bdf4bb,6236059,39916796,e72579ff89dc9ed325b723a33624b596c08141c7bd573ecfff56a1f7229e4d09
290,6236060,39916975,8959c0323b94cc670afe44222ab8b4e72cfcad3b5ab665f334bbe642dc6e9ef4,6257379,40348798,907b0257659c817a5e3dcf2fff293dfbe30bc6c5e17955d66b3e3888afefc77d
291,6257380,40348902,ad644ee18cb3fe91abbdfc318d16537d0bb8031f82c6635efb5002a75c8ce823,6278640,40780785,307ddb9cbe74e01f5185768f19a5b773a488bd997483f37e0435c1d756ab122e
292,6278641,40780872,4de6fcf07767a2d47d1b8e06a1396694adf4332b77f70574a2d4475d11633ffe,6299904,41212785,75f06c4e4f3098a5f6edf9de21428a7ee6488af561aa701fccb9fc7f51e6c886
293,6299905,41212922,5cdb178a58f900382a42b477c2743c3605454dc0042bfb22df3f09aa710c0635,6321147,41644786,12d253ab96db0af99d0a63fbe8edef0d3317dc732440308d4ab907d12f6cc6d4
294,6321148,41645120,ebfe7b6dcb3b55fdffb662842f9bd1f2299b8eb200d44cc11a76b4f9a10e9736,6342107,42076780,dbeeb69efbe3f1b54a387cce02dbd34e62d9d94b916b0830e58be74cb92f7929
295,6342108,42076808,77beee0760169d1896298ab443b8d3ef7523081bb75482c05d855cb94253a6dc,6363188,42508793,3b078f7932675fafa51f927d2bfd81e03d0286c91e72fd4781e9b0d48639b66e
296,6363189,42508808,39432aa4f16232459e4d452e49d6ee437a6c32a63089ec15ccc893de16d69d72,6384037,42940763,cd155f53de7d3985194c73540daf2e1dc79d5f2bcd09e9c6c5830c093fb34ba8
297,6384038,42940944,f9dc2a2fc3a2db09a71af007a740261de585afc9e3022b8e30535592ff4dd9e5,6405205,43372792,97a5392f156a97b2a66ec3568b1ae49433c52dde3aaabddb9ffee4db2a174814
298,6405206,43372972,0b5b67d45414810c66248c9992748fccdc5388866c3946570f7aafd6ff093902,6426045,43804794,ad8813880236ed06681001d1fd8c5cc714a497cd05febb93ceb5030e496ae2ec
299,6426046,43804894,1039fea513ab820afb16ac904adeab3b7c9fe6adf34b14f0f552fd9b98d13030,6447027,44236794,3c851fb0ed7f80acf3690463fb19573709b012fe611203fdd7d0202b69979648
300,6447028,44237054,b549fafc75aaa67f72a8be2f1783b250c643dea1d756e2e4faba9c857caea7da,6468252,44668784,9992d96ae5507f4ed2386ce2e89d32e7fc8e2c1b098df73cf660a3cd743029fe
301,6468253,44668896,7f119b06918c6c9f6d63732d5a440e2bbb464e81cafb8d42318a03defc18fc4b,6489241,45100764,84931294cb98249a5a9fd2b65efa28cd22db2977891a20fe9f3718559dbb13df
302,6489242,45100921,01c1ae430367a87ea77093779f89fcb0b493940d76a17e9fcd4fb7b1355093f9,6510444,45532763,b57ffa0c9d62fcc94e50305c62a911717bdce48f1ecc5aa84a828c27fff393a8
303,6510445,45532814,2817bed8975b7dd41fd5a90816e923c0e12d4ba81fc7d67fa883b693122d9417,6531392,45964772,389d0bd273b9bf5d95e3c95dbb2f629a6aff58e662955bc8bc0a520c806cc2a6
304,6531393,45964804,04e1345ed7ebb33f1f62ca0689fc4157a9ff324792639b0ab41e8592206e65c8,6552487,46396728,0b4e19943029e10894330f9988d25d1104b4503cd41a9f623992cd410fbeb4bc
305,6552488,46396827,a6f100870c47bf3c5239c699df1aa7ba7f5384035c07f75973203ea1985b45ae,6573512,46828789,5c2c7743998715cb3df8f2f73385219e08b6ad4afee3a286bb09ce16d7b4d1de
306,6573513,46828900,9f221714c40a95fc73cc106919e04c939aaed456e55d0aa5348fef8a222b244f,6594653,47260799,25ab5baad42839e168537c33547d7a2d63002f2a8fd09412a125d82fb6e819ba
307,6594654,47260835,b089d3ae077bd74563af89021d24a82f477c5a7432381f27d3f870cd39eb79e2,6615563,47692746,c085f1f5a06ed9e1a96058fb6b94b902c6bc0cbe5bcc4bcf8906f844b0f677ca
308,6615564,47692859,b272b369d2aba29862f9a73ded4189a70adb49739dfd702fa716aba2bb3530b0,6636596,48124747,4387bff9ac53b43b93c2c72f87ec5d2ce1f3a71e44c6e0edaa939199bae6f6b1
309,6636597,48124855,709b121c29c6f3f25e1dc249bebb2600588613859e0cfcaa122758243d401600,6657400,48556794,b0336f5eee8c433b899661d9c6563d6b86bc1aa8fe29635c25a49976aff3842d
310,6657401,48556875,a5c9f0a35d0a9c94fd92b33796da284fd11935ac2a1d783db7efe43691791192,6678445,48988785,53946e7ac007cbe09c7189ca143cc6988f0bcab566550fb309796b104f464e88
311,6678446,48988809,70c1faa66d86dcb73aa5bfccd7103b6715a44333904634e130ff9d9e2d17482f,6699535,49420795,196bf5e4c52aa0f2e9fe6a6e75f6aaafb5dd97a9a4c3837f3e812c1aff7fd72e
312,6699536,49420807,dfb7d411545de49dec11a73c5743eb5665eb5e1f23399dce6afcf9417dba9309,6720356,49852789,237bb60b1a77a08ce53df8b1904730f52399744d724371b7c8122b774a3dfc76
313,6720357,49852840,6a2d8c1a29c2bb32545cfe3a92a1c1f9e109de92536d8fea8a032b61a2c264cf,6740623,50284782,7a996976d6e5d1aed2d2ff469cb4605cd7b1ba667939a2c5fc3d20cd3061faf2
314,6740624,50284917,d5b62895baff32382d88f8862328cc9f5dd724d713151b436684c75ca5a179d3,6761013,50716752,77290c3664545c9383289f6b82cd36ebb41e5b6c081f5ff9fb8690136a3a0a5a
315,6761014,50716896,1753d914aaf7b8179f6dcc5eca5faeb8a0d0da98f48f3e5e75d3d203b84a68aa,6781195,51148787,dfe06e13b7132e91e682903d71a553bca0815bbdf6fb865b0c7a37699f03926d
316,6781196,51148808,24a82a2fd674c5264e0d860d1f869899a2c575039d849fe433423d6469673598,6801336,51580799,51cb6846b524e2ace75af09146dec574c9733d84f0f4c582289f9b22bca01d6b
317,6801337,51580831,f73067406083cd8c0111c2ce890d08e331007b52d8734349c71625ef3d09a11e,6821814,52012780,1cef8acffe72da132b404da7d3e207e93fbbc6cb21f190bffe0969022e18dd98
318,6821815,52012858,012acdd313591dc0b88a0328f27efd23bb073252ca8392e722c5a522611a449b,6842098,52444775,f041cf4833a057855654977df9fbe4f90f65b38c5403cad3d8b61d6015aa40db
319,6842099,52444835,e533f39b6a504400e8103ee3baaf214f3d7f9bcee495756aca6c630ed7dc0007,6862512,52876752,af192981f47a4150b4d4f96e2184050699febbbc31de18c3815bb5f338578ff6
320,6862513,52876855,859e8f7d29f5c47be2a47e325acc3d76884c59f3901e08fc176db601a1bb7f29,6882796,53308780,8ea9407d84e0dad7eb281d41a84a292d538575583548e1237db29af677bc9b23
321,6882797,53308809,455be5399ed1e48bb3598a0a8a9be2f4eebb74120b3bf8cf6326e347aedf63eb,6902892,53740772,87c4a226c0be561fc4046c6eb6329b83358aad467ed5ccdd8b606cbdb21c46c0
322,6902893,53740810,e93598230e2fca9264a6692e9b7ce36473e1bca8b89abcb05143952e7b13c95e,6923285,54172778,cdf1659a3479ff45a5a82119992dce030df5dd8b0b1c77b40ba4fb64a22dfd57
323,6923286,54173032,c4516d267f71644bc22aea01713be4a137124d9826d6639ae7de281dfcb1cef2,6943858,54604791,04bc7d5185e346a6e087f6fa776a6bd4d6e10a4f4f16622752c95c1aea4767e3
324,6943859,54604861,78ed9524496097231478a806908135ced9b3b6ff4ec9e8791c5d1b81f3cb0341,6964238,55036794,dd52ccd06aaa58d4a991c04d86c6fe111c182896c45c9e69a9e63e9aa961d258
325,6964239,55036837,34a0e7935e34c3643d819d30f8ec9471a9a468c7a5ee7ab64a216d64ab5acebb,6984779,55468796,cb9d4e30dbcb378cd1cb8b1bac12bd8546e260a246539b9f2a670c0a8bf306c3
326,6984780,55468999,9905eb86cc0c2e18cddbef2fa1c494c87aa1cdd06848569827e323d6ce1c56ff,7005313,55900757,d43b038753338e04b72cec65e16329bd1cd35f91baeb4213b903e1dedf9669bd
327,7005314,55900815,20c4718d7f50b930f5325f3598daf3e8aa04c7c675d9d2f34d2486d6726faa15,7025659,56332759,6fde5dfa78d18fcacbb1a641a7b02f0fb3638a6e8989f6753f78bcb150ba7c13
328,7025660,56332825,a5974d95d912f10d235000754e974c7ddc80c2552f17ccec3a0b83b54dcf34ee,7046238,56764724,64758d93c4d8741eae25e55acc87974a30f27263f93158d36bf0c357d60425ca
329,7046239,56764800,2ccc8d28eb106615f8058824a1b89ed46b74c3040940c77a44672c1689928f01,7066591,57196784,ab5199ae3aa876e58b090a33eb0a7d2474eedbb9406b7627c6772e7aef0e3dff
330,7066592,57196903,36b72496d823810b6d16e955b3c1e85220e1e13530c12d0f49ca8fa813daa9ab,7087276,57628784,95b4a1108c455e9834d9a65a7e15315047f8c431c5481b7fe434a317f84f45da
331,7087277,57628811,1566984742669a4d858f8e56580294a5b426611dbc0e7a73987fefcdc138c104,7107980,58060791,45c705107d69c2de78e066cd190f6fa579444b7d061e0383b9f86bf2e1e4ac1d
332,7107981,58060888,46f1cfb68cb3d0ddaf454756d20bfe105da89e51ddd941524f07576215213e81,7128371,58492791,3ffa6ca85107167008309d7c588d9b6dca4467ef06f3cfcb4b2971f3726e662f
333,7128372,58492957,5239115d2b77d33700f276229b54a976c8ad49e374fcd40b3442040dac164bf9,7148661,58924797,baf6fb6f94fa329b1ddb4cabe2feeb5ebb49ca2aae8fbc0987905ae901cb965e
334,7148662,58924824,9483674b0e8db829d14ef293e5652ec76bb8f00e8f3b730d32cb2b389a74b01f,7168893,59356799,8f06c7a90e9d82874c09eb0c3f2f84c447c3e9844af33fb20690afc428f38698
335,7168894,59356816,c10cf0005e7707ab9adbf203d469793a6f76a2143fec01f4a79fe2e3dfe568e2,7189339,59788785,b9143f9866d0df552afb1df2b79b9815a34ac93642b4025a18a6d5df3f46566a
336,7189340,59788825,cd1902cdfd4573d046f23e276a72e1921425031e0c03b858d376d6b9d7226e9e,7209839,60220792,959bd1ed8700d7a534e2f43676d4a1b6bdc61f0529a2038c58125486258a2f80
337,7209840,60220959,fbcb6dd1deae803ff670732196e03f38d8c0c5dd6bd6f8159939006086a506d4,7230633,60652781,ef9ec53d0054d0271ca47e3b80d49c83767c6dfcbd583c1d45887223a3457219
338,7230634,60652919,1379d5209f06e0f7498a6938bb25d3535d108adfc4f36d3a9e86f5b062b22665,7251273,61084785,c25fc925211a7e8166672fdd46165be2909f1e346d274fcab1750048ac1ed744
339,7251274,61085202,20cbf68c8dc2da6230c202d32e8027c232527cd549328a2790794774755097ce,7271951,61516694,afd8f2b1c0a74b3ee311990ecd9f7c34599352a4ef0d94400283398dce7cc0c1
340,7271952,61516864,5c09af48fbe38db517bf990c2f83f39e6ac42fc13c3379ce75f522413a711ef6,7292621,61948791,9d0d00a76476c1d65169d245a4eefc8b4ea1925a163be9dd303539f1da467700
341,7292622,61948875,61485af7af84477e12ec2b777c7696630e0346f849bcbff817d8f9267a84a62b,7313329,62380796,5e262cfeaa8f380a7ea1e1affa2a02c81e073cda5217587d7a6eb112cbe432fd
342,7313330,62380881,00ab671aac6728ddddf8d9ba6938a523a528dc04baf609e0d6c3d2819b26f509,7334319,62812757,99660c77d268d9280e375d4216c703940fac8896f2407d0f818a491410381b84
343,7334320,62812825,8154afa02ccae20a28b4c716051de7f7dc683c957e2a00b53add20c232a6592b,7355313,63244796,5c493188d8e7d95e433bc6f0d3419ec8632445be96506de0ac3fe975d2383849
344,7355314,63244905,3f43ce51cf4dc17b094bfbd926d20fc81f88ed2862766959d829f5619fea2fdd,7376089,63676784,ce16d8b81035eebf2ccf0e07a3fa025defa73926449ebf280e752d5294ea0061
345,7376090,63676815,7cbf2802d0e6b164ceb06884cce0a843c7f8e711b3c6dc6b9aae2ff4b5e6a453,7397119,64108788,21ddf78d9211a6acf413f66c941ca763c37896e7188e3497c88bb50ff4933496
346,7397120,64109008,78b446dca2c7665081a69c55867a5c20da9b091f1eeccd7e900195877d1d003e,7417697,64540777,106ba5f091ee1cca2c6aefbf30ec142be04c53095daee91c6b781fa0a5aef5e8
347,7417698,64540809,54661d7f7940fcd85387d476773c1d4c6bd01f745f9fefcbd85d0302129af53d,7437042,64972791,b879ba7b082b5de235b281b38dd522c26c18272ddacacde85a840708e5edbc87
348,7437043,64972841,332e65e6a3277d5e910cadf484b9ce0887ac349621dbd5201f6bab03f8fac564,7457020,65404734,b0779b7199a74dfce89b0823efccb4f31e32851f66ed51aa186f07487a25df86
349,7457021,65404839,b53b40555fe7040aaafdade6d32c5f6b502ba723cb3c9e35abbdc3d8399c999e,7477992,65836796,b3082749a78349f1e48ada6cb1ed91f915369c8598a0d8b2f073063bdde50082
350,7477993,65836843,cb09cae9c54026afebfe6124189600fc0f76c2299bc9f9c32305944979a12fed,7498950,66268791,374128a874d6e120e200b6e265df69430e74b466734c474913c3342f8fd764f3
351,7498951,66268845,036a96343018474798a932877ebdacc9085fbcd255bc5fca4a6e6397ff4251b0,7519843,66700756,3f0facd76cc44eac4932916053435bd8a8e72f625454d883bdec0043c53136d6
352,7519844,66700807,6ccc4930e1fd1d244ee5314a4b5169aa225f9fa3967dc7ab25cbf33b5a851865,7540418,67132766,9921b7c5fbd2f3f899635b9c4fb2f6c2615f7939eaa57b7e71c5de3ac3981c15
353,7540419,67132929,dc459e075fdb5ab6e9aca83f104c477bbd4a9688a6c6d8a4257602e44e551ccb,7560650,67564780,e4e64e5538e8490f1b541193eac7e4412315f6e7d135578c2844e036ecdfbf7e
354,7560651,67564800,206f877d08283d1dbbcfdea0e0f018adebe77a6ac7d374dc4b4255396d6cdaa0,7581148,67996799,ee1c0bc52cea9e31c0a4f036e8403184077467107a1cf8ee1d7218fe8b0c17a9
355,7581149,67996811,cda0eaff27f17dbd8a62cd695630682e1cd5553767764dd6729fac2e5debd5cb,7601973,68428795,e708553c4e850b99db6a8cfc0b738a714ba4ebb727310257c57ef10b717ac7a2
356,7601974,68428809,0c0cf055d79ffe1715e72433e492f71f38dee0971078d2e74084f34ff53b2e50,7622755,68860795,8379e894c1d4816117ab187dcd6bd7bdcf0234a98b6174b089a1fccc60f1c097
357,7622756,68860922,0f4714c7d723b024ee9ba44216b9649e8bcc632672163a75d0e4bf0742984f76,7643447,69292791,439e2c7b3b1041ff8d43dfd237145ce1605b24a80f857563231dc588ae5fd099
358,7643448,69292807,7af2d01b6e296eb9a33eb4d0cff826434df3bab17c84e12f614e8cb17ac6996e,7664616,69724795,15eaff5666d7569b924796f4a07638eacd8e40b9e027b183756a5cabb10b8dd5
359,7664617,69724861,7603e56baf66ea9d42391da2d508688a337d9c256e6ba2aabba2111f60315000,7685639,70156668,878002fb3ac9dcfa85e7a76ba44564de627ec838e3ceb7e6e8bb5d2b599aa301
360,7685640,70156841,856c167bb91600cbc39d193cbafc8ec5d141c99cfda6d0f050ee4146e357d2b6,7706865,70588777,d98c87a46bb720af08d752ef3ea0c3e79aa001d3b77d5fb8a90138d58d036468
361,7706866,70589099,c0fc75916586b99f562932612def880dd8f0dcb6eff811e89d0c040ba546e03d,7728107,71020795,830eec7246ac0ed010a482217a2c9bddfce43c42365152290ce78d2d5e5f29ef
362,7728108,71021474,aabca1ee8e91218458dca31e45504fd00c039a733ec80ffd5c8a9c0f6741f374,7749373,71452796,e4a15cd36d16f7806fcc394b37f65f16d7748ba6b6bd3b2990fa6ff416d0c380
363,7749374,71453303,3a0701e20841e6ac57b27c9b748d835a8c923bd19a0e85033df0d7a9f5642cea,7770734,71884770,f44d9912b85f887af01340cad91bb5f7d8c7b834d9a844c87c61a9bcf61f80cd
364,7770735,71884810,bc1d3072c7266c26c75eb5c9c1126dd2e509192e86d3350356154aede791a8bd,7791698,72316796,c58a24ba8203e7629422a24d9dc68ce2ed495420bf40d9dab124373655161a20
365,7791699,72316896,eea1247726ababb0b15ef7068b6917ceb6ebe3021c40fe44608585bba44e24b6,7812725,72748785,21ade5f5c1287989ad1159a57568382ad854b8f2f2319996f600107122153024
366,7812726,72748820,32010e7cd2d0dcfb73366d4d795f890655b3d151f91564c87c89510d5cc9ec5f,7833823,73180775,b27be843c7187a861d0afb9693dedf97513de208d84b52beb08a8cdc8ba20ec4
367,7833824,73180866,d4ec80ca5a2b2a818c635c3f4edfe443e6bff38997754f9e4039a58282a20644,7854725,73612780,8d8d77389e1fbe5468c2f90083e5c971cbedd53b911d93b32f3a440743c77206
368,7854726,73612854,76c4ff8de61e57d4b68d98a6b9a011490b835875a48c27eeb5649a3cc5f8bbbe,7875828,74044785,43d6618ac1dc787ebcfeb99032109ebda7a478723aa764a205773ae21c3ef743
369,7875829,74044817,50bbc7f206fdea2428fe1c7297fd78ba73060cb8d593b02cb08b05c4774768e7,7896876,74476783,16932ed23c2b25f88c1a04389856456854cc6e9c0f2ada5ce99bbb80a2107e88
370,7896877,74477017,988e89260b8cca1601070694218b80783a15703f27f5d03f35b5340e5afb520c,7918046,74908773,d4c76309c4c8a0298cec0e31cf316819112e1898799fb13f8a4807144874e103
371,7918047,74908892,3554d05394f981f95f4e34f57a78c9a0cd7a32bae45e9c08de5b896bc40459b6,7939028,75340779,6d6bc96bd79e41ce6a79137eec9b7f0ad7eec36dad0556e4a21698e5adb5f7bb
372,7939029,75340804,e687377f1dd17a0a843053965e266df2baf5bcbd89d13c49d91920aae85e985b,7960123,75772784,527f407b45a5a7e6a011a9d96729f862afa68a38fde13b6b4bc01d0c173c62a3
373,7960124,75772800,67df285484a7d73f230063cd00db4975705020a6dc561bf42ccec1e4dddb733a,7981218,76204795,9d755bf51c6e618439fcfd749656490a1ddb25950fc0ee38b37c08de0b103bb0
374,7981219,76204800,d82fa6fa9e85b4195827a2135152afb8c1fe3274e2a8c989c3d8a228be253d05,8002099,76636796,b5ad292d0a2ab79d2effee424319ffd21fdcc04d3104d7cc5918c9d3fabd0702
375,8002100,76637018,afb7ff9f1a0ed18d53a349b02cd373a12d379b953bde244361366486ac8e4351,8022830,77068787,e6f599adefa6836c0823df85f3ef687ca70893047e580a89df2a5c8049d2eb4e
376,8022831,77068911,20dceae35726d783a6061a8086a4df4e12ded5831e18ddfe6ea27a20c0f0ab2a,8043355,77500768,5f8a4730667b42a5864fdc5172f1ec1034998f1a6597e4e1835c15986b33e59d
377,8043356,77501115,4a5ad217afa0a5fd9012b5efb198cb0fd1da8252c20afd562797d938f3b16e94,8064369,77932777,ab93d31b5799eb590ba40f6cebf96c5b2612752fae19921c679e09c9bb1b5695
378,8064370,77932845,b9b69b82d11a5afffad3d6144578c14946a9b2e97f96f9d11492dce5f11ed7c3,8085375,78364748,2ec571a620906b10ddd1cc5af10060c82797a4a7a763ee2ace30f17a3b53254b
379,8085376,78364838,5aa94ac6a0c0b31a4e5ee93281747d2d3486c41d8736595fee75661864fe919d,8106323,78796744,b57c25537aa8a7b1f25ef833ac49835a3b5899ab1fdab11ecbdf991bb83ad7ec
380,8106324,78796816,50a41a4841185a4f01def36c35f565ee2e1c27ee0e3ddb56885c244e49b24bf4,8127593,79228794,180cb51da1addad81fc57e5a47c1792dfec1134776a2436f126e780cf6975740
381,8127594,79229188,dea06ef5ede20d2b43cd2413da3240994c59fb2405b8f789dec9c34497cb2af9,8148569,79660753,6133702e16027e4844aff315d846e37a65bef203ff3959bb6122adaa2b143484
382,8148570,79660885,58f9f799f160be3d3ab917d9ee3a74e8d214b0e0500b0575c465e25de52a30e1,8169755,80092789,586b4562b499190e5ebf5179cf591a7367c961be6ce46b777486615744e2c746
383,8169756,80092844,ff26878c646bc7e8512a2d9a935eee98d642de8036a459b32036a43240438a84,8190672,80524795,f4b98004dd836c4728f5ceb47871f458d3f121aa0e7c67cf711969b88edb7be7
384,8190673,80524837,86595db1e8a2d45859e4c0d53d50858944d62053b3677acb51799c89d2aab9f1,8211670,80956746,8e6c7fa022d589ae4d14999b33ec2833181c60dd10e6d784b846d1cea3a949b5
385,8211671,80956804,5297b80c9fd82f08f032f42b5fd6f4c00bd946147ffc55da84e8da44cc0a298d,8232844,81388791,cb3e9bffe38e6bd4579211e0a5c0b3f7a6200b7cb74d158b6eefa98141f9c1f4
386,8232845,81388800,3cb6055ac4af52ce4c48920c9046b1dff20acda7fc587789fcde18d20c0967af,8253737,81820771,3f6595fb4017a9261a78864e5abd1e7cbd206fa2080823e16e757e3c52bf6c19
387,8253738,81820877,1caec40d0559448f3b6fca155b9217d098ae68f41a273c3144a34b4b0bda6c3f,8274802,82252798,a40aef24da1be5086cb671530723a23c7d4bfd6ea8e6a83fb71400e333c7a814
388,8274803,82252999,d4a30776a85cb99e1c8f0a76d0a30f5467bc72457c378cf2e07f4ab028c5df0b,8295996,82684788,6a65498389f031d388fc379548ceeb43f57b83b30abf7efd0d7822c23394bdc2
389,8295997,82685027,46b6bbfce86c37e941daf89de73ff06f7215e509a7a79438ffb57368709fda08,8316807,83116782,2a2e897b2490247b16a5fdfb974b7985388efc081af7d4ec477a11ef3dcb917a
390,8316808,83116877,e234b2c32daf21b3c7c417f403b1f9af6d645f982d3c974f2677a8776acc195b,8337723,83548786,02a94b426df2575bcd8115d24debf232c6f19774487f7a0f77f2795b8fafff46
391,8337724,83548884,b94b1e325851cb714c9c11920b96f3ffcba94f0e07dc2d3f4724e3ef9921547e,8358807,83980786,9de86b25849c3b0be011a1234b1a7a90f5393585aab78b2fe3a9eb37ed533cb2
392,8358808,83981043,233e3bebac7a4c1b406f4392a96a4fa907d42ab721a90f072bf6563cd5a379f8,8379386,84412783,d102ed2f2495f1e6a330ce778b4bfe9ddfe6d2391d65fc38f1f3f645a4478ea1
393,8379387,84412901,55b71a57325ac6588875ced0469cb4b77e0f70e65ae4cf5c4978a1a279385c7d,8400207,84844799,c001ccbfeaf34e101d63026145db80a6b739bd64ab04378517297e817035c17e
394,8400208,84844885,942543dbe4f324d8ac302f3844c1ce331d671b1dadb850990b3a8ffb7292bb0f,8420760,85276792,6fd18ebc48ddbfb9ee77ddf8d21ce3d6a9bf4d524e79adcc778bba88854c7614
395,8420761,85276808,371147262074e325864dcc20cee37ceb38df337639d6055db0ae9cd6663767c9,8441794,85708797,ba347187d4902007a2f7268e2eb1019e7d9db302751d3c3e94bba804bd9e5955
396,8441795,85708971,b56dc5f0c5396a7e4563c9aeda5d5600af948e641b30ee6eb99463d5164eed78,8462968,86140787,49e54cfb0ce65d41a6d4525a91fa81bf26552ca8cdf3f0986a5f602dabea5972
397,8462969,86140863,4e72c4890836d8cc640221fd63ca97b31ec8b41a9b340403c3cbf510a57fc540,8483971,86572799,63816f041370edf93101dd642319aea88aba2c55b1a795cdbc032da6b801e2c7
398,8483972,86572902,cc1b6c205f170c46da090a0f5591ecea537a46539ef82f769d670d20b2a84dca,8505161,87004758,09511b7aca5b8979cb1fb7fb5cef6d0e0c839c12b986c1e7963cb6a47e768186
399,8505162,87005005,a4079d3097cbb0ea83dd4e1e4bb046162e105594188fe4828a83982653f5d034,8526131,87436783,16f2351cddb7844c1ba1b9e2aba743588b7536586373bf2827340bd8180b2a64
400,8526132,87437027,d73842ef267a4eefcc54479d2a5ebe17eacb89a707eee3123e4c5db2f59399f2,8547193,87868783,ddabe442fa6377908b4d71462079d72abed9a974f1aa7b93efaf26a63d538728
401,8547194,87868824,4ad5da9d7218f33237406ce0c230608fbaad731c49fd38acf33a305027597c28,8568062,88300774,4f455858018557d5c8d55b3a3043dc577764c1f5832afb2574e47a401e3f8c51
402,8568063,88300881,209b888047201dcf81be1a0a63d563ea61e50b46a1b8f9009ded236c9abe6574,8589190,88732793,0c2aa7de02eb1d12a62a8792199f286b4f7577bc22589563885cb33a6b73690e
403,8589191,88733098,d6c591a0d0fe3e2dba180815d250e2a5a9e681090b332d9ff59b8e5fc519c297,8610083,89164780,52e267e50c64410e7ac46412b982089c24d8a97b44615d0817ba7a0c051f1fbd
404,8610084,89164846,758a1e8a0165daba3c286fd1a39200b1fe68fb1bcd61a5c2c887787ddacb65b5,8630911,89596758,ca5dd53eb4e6c91e5c64f33708c15ef43bae4dfd8586530ac687d85d11a69b99
405,8630912,89596845,c4ca9da19d7b3b8db4f91eca9a6e1b7641d7bf47546a645a8b82bfc1fedaef65,8651722,90028792,0d99fb32dcb9c473b5b7ffb3276646de443098811e57e1747e1018eb3519c00d
406,8651723,90028903,ccc7d57d02eccbe9289410084dbef01e42536dc9d34d1334ac8aa4f8c43f36c1,8672676,90460794,ee6210f78e6f04f2c23f98be3aa6521eee969a8cac05f01eb6d561176296f952
407,8672677,90460891,8eb2a450ca84d9216849edd5e1a92c8b91da0a6b33b58be7a9f1d230ba6ddb14,8693783,90892781,e323c63f3edbbaab325a04fd2e995a98ee98fd11da9a1ea8c486c93b77870603
408,8693784,90892904,87c46ab229a20b46c5761934ac5d642b9906ba8f776bead491d22173ff6decf7,8714959,91324791,ab7ed6eba3ee3cb502957e15bbe29d6b2a12ff4c1c01acedb076085740ba1d85
409,8714960,91324950,fe66334c7e227cdb476da73706aeab0c1aab89efa9ceb207ed4c1d13e1b2d585,8735959,91756762,e9a48b58b00dd36b755894ec7cd38b08e2111aa9d82fcf1c71585db4c3d290d0
410,8735960,91756819,723f9e56ed43507a14a82f443b7103bbeb5f30eac6940cd5c8ff786aed703bd3,8756892,92188776,e0d813f020457775171df7bd4557c0639eb7c8647dd63385376d237b493ce7b9
411,8756893,92188884,c5db55a1269fe433cad4ecc4c5c67d49d27689d9eded965a0a1a62d45ed4e2dd,8778310,92620790,0fdc79200004d7a7a2532f8923f885f501349d92efebf6ed45a46be13f44ca11
412,8778311,92620879,eb6f006577c1be0adbbdbec43d87feb5c13cb197030151c9b2bc2d91d8dac555,8799276,93052728,f2c09fd9b3d9a5d488924c8864284730236dbad0d3f8140998210c6218852a5e
413,8799277,93052965,a3117c820a165be9755a889f0608c9f938907619948dce05eff6e3b815d14e3a,8820528,93484782,e2e928efcbbbc3bdeb9d4223b01e42c5362796e0f1f64c78985464309ba16067
414,8820529,93484901,a8dacb2a8a75065ee628e09634d211ecc77d4e487388fdcb01a08c9499475792,8841743,93916791,b08a0e34474346b42da8cbede7b76a9a2cdeabbd7e169aaa4d1af960c339ad75
415,8841744,93916838,492b6d26b834989d268cdcd2da695afa4c9aecfc321c77d001e420dd4406c33f,8862563,94348799,755ce88dc8a1409e88219d0fec781afa72ba5ee470ee1368a691cda221322388
416,8862564,94348926,2d2da372ca2c0f06dae60c5ffbc42408b0300d43c85f5cf4f7c5c21e434931b9,8883706,94780796,a01e1bca525d29857f824c5d0d240ce4bb6f461fb4a3b06d34e87ce6b593a948
417,8883707,94780955,564eff62010f52852cf1b204c87a2f6daee8588c4a3373d0ec76bc7b3c707add,8904653,95212777,d7640c234c32dbfbe5a69c8e78728121a7a4f28469a9f94e78ff26ec0f096fe1
418,8904654,95212803,8b1a8977ab79eb3bc5ddf4a59afb264633d8f46089dce528a3601f578ba8a396,8925719,95644762,4fef61ae0377eff4e9c7849f960e8c12cfbf30f31193a00a73a3fb99aa7edd67
419,8925720,95644830,7d87ac1cb49f1e1e83a6b29b16fc6a9f8b3358eb538db0bd15d409928e6017c8,8946404,96076788,3d2113f2905f8cd3380589063c2aec0d6194e4cc12abd68900e1a234c15239f4
420,8946405,96076814,094f05db1af8e2f47266ff07c126da5a4dd61ed2459a8871092e766e5e75d183,8967053,96508787,e89215f9cecead9fb52f339fdf44c4b446167ccb6117ad4a6ce2a72ca654885a
421,8967054,96508870,a568df8d419bfb058af07b74e084ddae60c37bbe5e2ed2c96ea11a240c6684b3,8987960,96940792,0f49e27f6bfc97b9ad4dc1dc71dd583eb36939c3329bdaa9fdeaa621538f788c
422,8987961,96940814,33fbd6a97a9819c7cedd81a6114d922cec660371ba31a71b4e2a116191653acc,9008986,97372797,5ef29a898683a3f89052ed33929917922535ca7667f0ab573df5c25a8ae5e55e
423,9008987,97372800,088aba38dde8a43f82f943b8b812814582aa65603963240f008ed5d834492f3b,9029884,97804785,d5f76aa25bbacba4a7cac4e6f7e68e3bb6d4f195d05372434be83a88e614964e
424,9029885,97804807,a221f88f129cf7bca2fe92132fe9d8d3e988d1200a2be62baabcef7fa2bb85de,9050919,98236789,9adf5a0888c04c1b87d1ff5d135dcbfcea67cda20dea99eee1ed219c424181d8
425,9050920,98236826,65edc2d6ddb3bb4d1122659cdfa64474e7a23f258d1e31c5812c142763dea529,9071973,98668786,bdd5cc7013554b9adcadd0c841575e9aeb9fa2ee819e6061e77355c3bfc5c049
426,9071974,98668851,74ccbf93c3f546dafe5e8e93448c567b8122603e87b9f6909ba3fdae89792ba4,9092963,99100793,566327d1864bc48a145deb1a75840e8a3b9e02c68775860c22d504294c7b3bff
427,9092964,99100852,895af0e01d05998358cda4f8ef6868f8d75eccc36f67c731357a1d82a8e2a5ed,9114048,99532798,31441e89fc900f880bf9b8b2a78f2e607f58d893267c84311e36338393036bde
428,9114049,99532804,d4347d629dc9e95e82eae077481d886db4e0b405675c713b1ac5f07742618725,9135097,99964778,5cc267a3f5d5e9fac9b15fcaf1c4bb6cc5e7d714a435a49e2da5009b93bbb65e
429,9135098,99964821,9212a6d7fdcd8f34433cd54eac455ddad21123090159db6236b4e28317d42fe4,9156202,100396781,15170c1cd76f4a32ea617fc773b7a1a49adff9d6b7b3ccada199f7ed16046829
430,9156203,100396812,711a4df8c1edf518c60833ea13b01bb8e9c19a09a959737a543bc9abb6f969dc,9177291,100828777,b99e211b6dd81d183e4fc0e5dedf85b1f3fb72d3d4f58d97e216f52a18acc597
431,9177292,100828802,45488e8561445a344eba6a84254885c13a046c06d5c24fdda41ce740a8bd6e12,9198211,101260769,04e41342c55d8e5dd93581d02bfaeda9634b5a470e3e5fb0f3ca097c53736d2f
432,9198212,101260801,11580aa89c90391df105a99496bf530414c5128a893ab5faf459397c14340bcd,9218505,101692793,cd85d4b1ca29c69e16f1f56fc290945c501ced7caba90c36339f7a940fddf861
433,9218506,101692814,4786759b60ce9546156d71ab9ff006ef1ba06a4e04ff4c943a41da9a59f3c6f7,9239441,102124770,c36361fcf0afea80cec71d924f52d5ae0361b56c479d15ef740866728a82a44d
434,9239442,102124818,b8abfa0680bf0b5a2af99b2d784a3424c1130350ed5a4117f021c5d3f9c2e8ba,9260427,102556799,9201f5f0e722fa39712df2c3ac309dcbd6258dd8aff4c56059371270b2ddb508
435,9260428,102556839,3ee9e2ad03cbb524c4bf46b84cc013ffcf283fb19a36ea21ac2952a577504242,9281448,102988792,9af0beff9f1d1a8b77d6330a96afa7449058359a2b5453c1053467250497c801
436,9281449,102988819,12409d075565c8f9dd4c00931f1fb90fe0dad33666e7c515db0b309b5bb5542c,9302710,103420793,73bda0b4d40baae8c5ec264bf64e17dcf427f7ca6dd6bba718707727f4d09ec5
437,9302711,103420807,604e6bbeaebfd992cf72042e554edbdfe9f80988b149793f1970a36dc791386f,9323965,103852735,b047c700cb13397fae7e443d9c656a73720a48dbbb9e93228d95fed2ac0056d1
438,9323966,103852814,30d09e80d6daee91a3b6eca66048507ff07c035a46cd257c9d456d192145405f,9344949,104284790,060457fd328be6585e26df75afa6bfdce76565b0456d3f52f381ed11370cccc8
439,9344950,104284818,c5255819ac8c2112b483e031cdd1b3fd69dfbe591a0dc9e46d6e2db36907ee7c,9366158,104716791,3348dc78df335946d7a51ec106b599e03e688fd28e1d7f1fe5821de174b6cd17
440,9366159,104716800,0ffe3732d42b16039db8c271f4b3431db5b6ee8f7abf94645720bdbca3715daa,9387292,105148716,7e5f3a4e208bcedc769beab52202ee5f816859b7b3ada05ad7246c93ba76b6a5
441,9387293,105148810,51af473496fb7c0d662270025a5b31dbb7605c7a4fdcbdeeba999c939a80eade,9408563,105580782,bb208661c16f901cd286252033efe05cf5dbabd6f5ed0b49f853888572403c75
442,9408564,105580821,351053f005c636d017019df300264f30445b6951506df96b6eb3b4cdaac5dbb3,9429544,106012751,9bcbd7c6b9ecfb6b55b6878c03e71dabf42c3e412b0a91305ededfc9ba060c32
443,9429545,106012849,8a7dc924d0c1e754bddb5305f3e604b8fcd2eb092ded0cd5484bdc2a6f956d29,9450701,106444754,c3652336b32e6fa227c9cae3a17475e9e930315a4eb95192880c33330aed549e
444,9450702,106444817,27f013275363e6d3b6f4efb227eab1e32a57e676f3ad495cb7063e77fb951496,9471798,106876788,1365d1f301794e9668f5bd270791afa0ba8f23bdc756987b45b6ac2765e9f4b8
445,9471799,106876819,5fbd74e502832d31301b3473117cb99d162b3b0fc149656391f806170c93e1c0,9492734,107308798,44684f38227e4901ac61fc8a2503e7f27d7dc3f4a6bc53746392613f34a3ba14
446,9492735,107308869,a72165d4af98fd60c12969922de48c23d39bc402845b145df1b550d6f9035a2e,9513748,107740790,31b5ea4400939388ac6b1f0f3b73b214891451ae6792208f6e5a1306c308bbff
447,9513749,107740859,376ca52b4759cb2a7aa255cbfc93b615c40366d7d043f168796eaa054f622dd9,9534962,108172798,712df3853d51b3f2da734c2d91134d647921baa98dbfc22e1c862d2ba3605ed7
448,9534963,108172883,a74c031d215542d19fdafee6a28fde865c5961d296759e0ae9d19d50aa6f8a12,9556096,108604761,234a82cfc986bc970545bd2d83c22472f54304a6cc07705eb1c0129ed1492e0a
449,9556097,108604806,4b5d3ced3ad95e7f0b83ee339270a8b11f94006a5f0ed8fe5d6cb7e85ec649b7,9577121,109036792,1b436519a616236f55d3097f87f0f7f8c318e06bff2b9302ab9ba2b3a38ba23d
450,9577122,109036800,5de482ca13b05955b0b889cd4f2925f5f63073d70789da73f45787a872356edf,9597995,109468785,6bae25ac9e176470484babc63d1045427e36fc0720f8ae261383c1e726fdf7b6
451,9597996,109468807,3b0e969cc8a558c657ab0a4470a2cfedcfbb332abdd42277a54ceecf8f26ca3d,9619105,109900771,c753a5150c10e89f81792b7f589b7186f530466f30277f465a132cbcacf382a1
452,9619106,109900801,93506fa6eee4070c97e62e1810d4a1f2e24f21e5c5d542a4c1b8bab91510cdfe,9640406,110332797,ccc494ad31a86934de441a23f114f397b05378729745ab7d1f9f931837799e10
453,9640407,110332824,9bc2b4ab90728603c9de734867a86ffb5a89fae6bb7626fcd187b9629272118b,9661332,110764791,8d756d4bf903711e4d1174f594eb7119728c6667fd5b23902a06f874c256bb99
454,9661333,110764869,02afc44c8a413bf72992406930ba2aa7985bfbec85545e4e083d98d99b6d95eb,9682492,111196783,6b473a44f62ce6538d23bd39ebec0eb03ff9eba51b1086954c2e2d72ed9cece8
455,9682493,111196802,05184ea88014a3bf16bea8b1f65b9a1ef551f7784c8ca684304d49de0c131828,9703690,111628768,65305be440dbaa46fbb9adf8b5586d48c3e86313859d5fd48326e881d7bdd829
456,9703691,111628810,b0bca13adb99078223185cc4360e3826daa8784f5188a0b8297e1edadecda029,9724667,112060774,dce241f2356a97240d0dae219465c6bb0a54bb9289c9bf63f10fe787c848b834
457,9724668,112060818,0bcfb7f40267c76d014134e06587734b27fe728b71d5655385c861ea234990c9,9745995,112492778,21dc47d96b8276393c8897cfe7124a38f7e12d4feba64f72306bd9959bf4dbb2
458,9745996,112492810,0d138dd57de08062c87fb197f59fb9aaf66d5943f8a1782c367e99968c750b82,9767016,112924790,b90193d18b7f097e83ff0b1adc688b4b0c8b61a034701c6b275d6337e13fc8a8
459,9767017,112924840,f6622b9a55bc74c407cd5c3352de5267ee6592d3d98b842dd8ccda07eb048915,9787973,113356795,8e28495dfd67c0a04a5b4398141e3b7340a7a7de149f8df3fd0e1481eefc4fd0
460,9787974,113356818,d91ebec62bcb4e95f530e47e30aed2c87d0dec18ee4e383ed16067b9e374e098,9808836,113788796,db118a4df26ab2dd811444601c82fa44e482850b461aaf5605684bab6896173b
461,9808837,113788821,5aabd3649b587821b882dc48301a951debf80f465a3f55f5f5dda0ca13a58f38,9829570,114220795,e705785f5b8ca05a6527e4b95df535da48081f71a7534a5281fb57d2fce1428b
462,9829571,114220807,01822b10afde3d09bd5e72758857b669ddadcdaad6776a3dc8ee902c3ace1d7e,9850497,114652788,58b00588d8d6ab9c06d75923a620fe2e9581f550c66d21916e3b6ac8d3e566ce
463,9850498,114652845,3b0116b206c8987c7cd8da9a3f2ec3f157b930502df1da0c9947dc7ee25786a0,9870901,115084789,d29364050aa27f1baf92b6c08e332c92bd750cb8ad64836de8a43779bfae2d32
464,9870902,115084846,62f4074c37fe538f1a9502e67754277e92b98b5de3face94a11e0f2d33cd9cd6,9891631,115516791,87914341cb9d5f6165796b5cfa1914610d1e7d2f7b2de1023fb86dfab577bcd9
465,9891632,115516823,98be523a3ecf53003f7182c624d8df381029d7fd232067be0314897d434e0cd4,9912503,115948778,cfd56e08f31597ec450ff6410fe126c9ffb4e184d735169618a84b70294dd9af
466,9912504,115948828,70df9ba86cff1d4ae1e6b67b45e9f0cb7b2698443433e1712528e8dd411dc9fa,9933426,116380784,45ec63e3292decea329f642932599e8fe26b8c7c2f867896d3cc4e0c6281bb2a
467,9933427,116380814,8b2124853678535f13939af9f97841f00a9db5822c226c7ffad2b8df99c47ff2,9954586,116812786,f1c8e2b970338f3e1fddf5af8bd2f3b648b2d5ad4fb98406a51eea149479c83b
468,9954587,116812831,11bddcf162806d4cf70f1b9d59cd38d5998c69f049fbd1d9b18c97f278e99d8c,9975893,117244775,7b9f6fe686e57b48038025f455dec039498607f70df50a8c512da34a18e413cb
469,9975894,117244811,ce09286c764ad200d5426fce124ac4d78bd5cee4cc90f8d4357cd7e8f7e1a567,9997156,117676795,82551355d98407e3c5445b964310b256b0735e9111823000e48afd177ac54d8f
470,9997157,117676867,6d34d95c8b90eca41117d6c117c2098616bb6644f5f310221f53ddf21952dff7,10018467,118108793,b50f212eb90f95ca43c25bfd298150ba8c1b17803c141fb9a937e0f881abd37c
471,10018468,118108837,404b6d526f2066f1056b5ecec7320abfcfcaafdccca99e2ae408d20f97dd4120,10039702,118540718,a7eb818d793ac79870c546461ac971912b4820f4cdcf783af01beb9c3dc7c749
472,10039703,118540815,fa0e20014b0f59557b5299a487a881c8df6150d0a2d47fee44a3765da5afc887,10060656,118972767,b54123545eac0866be5a90197e7cf30abc147b4077f66bbf70c592cbadd04013
473,10060657,118972835,a69c893297d921ff958468fb7fc6106eb1c15a0d4c6c4572310174662cd57f0f,10081640,119404784,058c10851a9532b091c173f8d667c66aaa2f4681082e59708f95f4b02a344c29
474,10081641,119404814,3675c4017a3bb741704d93aa649632a1d38c21c3c5afbea916130bcee8cf475d,10102567,119836792,2b11e4c6c88c525cac075ff17db940c517a9b6c37ff25892f125baad8ad215c7
475,10102568,119836809,5e3a63ed709201f59e6ddc147225b87fcbb26ea02cb0c05b57be5df774273b3f,10123794,120268798,663e9781bcd161a52fc9521a7b99b9fdee56b198f8fca881631787a32fb6dfb4
476,10123795,120268804,cf7e07b6aa93faf0e383b361f779e89699ff83cba8b393c5a3c91fa5c4671647,10144758,120700786,8f5e94cb793c596de0e357b04dbfa94662e39a00a35cccb9ba16c3721219232f
477,10144759,120700801,57ac26d08006772f50f8b761cefaf517d0a27dafa31e5c0738546dc006b5d1f5,10165728,121132784,273a2d9155f4fd80b34a0a283acbc985f394a9dc2ed8d2efd896b73b36ec1543
478,10165729,121132819,12f097e5da3addc7a5979610ddd5c329d44a558a8702a909afb7340ef6fd7da3,10186971,121564766,7bcb668cde74934c26e6ee623fbce0f6c7bc4b2e6e25393550ffc18e6e8ceb9d
479,10186972,121564807,c92527b8b88b3383f9e03716f0f80ba97d35538520f9b7526394ef4acc7b0540,10208371,121996775,64b15bfae1b7041df35395d8dae8d2b633c9e48e6f5509461e9dc33891e19758
480,10208372,121996811,c053e4d5ce21fe758616d9251afdb61269eb05ea1cd0ebe0f9ebc548cd4226aa,10229710,122428763,d4e8f527ea5cb42e5ed056a9800f5376b77e9b77c3ab5dc93fc12eb6884eb434
481,10229711,122428823,9429f42aba2b125e3647d939086ca4c40d0d52bc41bd805bad7b44a3ec58a585,10251115,122860785,6b74b86080d63b8f8d1c16e5619a85e65d983e398b191d789284350d37140d6e
482,10251116,122860840,62677c50d5720caaae9b35a6b285644c444f6ad40c4e705d7e826a8f4428cad7,10272641,123292792,ef4ff28a2e0c2da981202c87bfdec2ec83056f6e455267bbfdcab93007958c48
483,10272642,123292865,95cb083574ae260409f47fd5dd18642c50fb2fb1f6018bce1b3a29d36b7fd6bb,10294188,123724799,9cf1ea809720a9d943ed4fe847a48340085de376ede54fbcb47c0df0a4f7872d
484,10294189,123724823,624435475545b670ddb3dc14ac64a3fdff9454601cb9362f676ddd32dde7a5ef,10315649,124156795,483ce316522218591a06a3b867542f79a4bef2a201dd2a41f6b833addee7a442
485,10315650,124156803,cbc2f65ead40e5ed5cc589663b056dfd5dae820a8267d512845e150c2b21b63a,10336796,124588798,2a4f2a3be2dfe07fdf54e7a99866685c4f2e85bb35b96ede9f964efc75caee5a
486,10336797,124588847,042ed39692172f72135680af374598e6d52bf7780eef1a098b2d7fc0684b7c82,10358000,125020765,66e911212fa25297ea3ac8540cd13ffa3a024e40e5be5d49a2271474cf2e1b62
487,10358001,125020829,1ff38cc1657bacd96a2126b3e9c737807e4ad7675a60562eb47406ad4945b9b4,10379041,125452760,890f1a091104b02990b9eebdb113cec7bf83e4653e0330fca6e9ded980b9ec91
488,10379042,125452806,88db8251527d7b3ab886401daafed7c8975cb21dd799044fdb9a00d1ba2ed55a,10400237,125884771,bc5a501f2a953de03430447c44056154b8a17af3398a7ee83d35803f665325a8
489,10400238,125884816,4981046e4f63ccec5e0fdbeddf30fde7b4a075de1f2b698a8bb1d4ec928ffe44,10421505,126316793,307594599175e9ffcf1d8435cff042f3b284b6ca3c5463a73c4985f12dc94009
490,10421506,126316809,dd7fef5748ec0a0ca8c6f93c680d9f90eecffba0f2ade2a59c112baf8ea652f2,10442654,126748789,86dd18c44af6b0ee347a56fbf5b95b3a1b9803094cfdf1fecc9a4ee3bd231d68
491,10442655,126748804,89528d4096350cb832c10adc6557f8aa96b9c2bf4d2956de8d77f33387693cb1,10463526,127180783,ecfa98854b1406ce8d7a4b378e6ef7b68da1f6f0cfca3804422f2bf61ea63faf
492,10463527,127180807,9e12f8fd373c4cc72762243edf628c6ce0adfba4247e3f65830f88dc55d46b10,10484657,127612789,1bd207c15cba9abfcf6ebbbcd63c6bd352c37bb1b15e353f41a43f216cf0b98b
493,10484658,127612821,0f91c298353e003f88d86189dfd88f93bd392240cd7bc6d2032d613ca48d62ae,10505639,128044782,7e3a8db889db65a6f60efcbbf022d4a8884266279976af92d928691ef4a2e303
494,10505640,128044804,958b8b678c06cf8dac1035b761982dc1626030a057c237948b5b5b2840759faa,10526911,128476785,9f5842195804c585e6b5e5e904552922c5dd856d2f18236b32af7d23fe98ccb7
495,10526912,128476806,54f99db6041940350dbc6009f18db148ca31a773b93ee7afa1bf28afe5720796,10548039,128908780,9ca9b2704183e75285c296ece92870f54aadf2bac48e985784a9639d161ef0fb
496,10548040,128908821,dbd5aa80ee7837f56b299303d936e3080a8b8ca836fb3ad52e91579945429dbc,10569141,129340741,8ecba849636f1c3af234267dc36ce1710188e6a3f72023249a400325f740b716
497,10569142,129340824,b9cf12fef6cddaf73cffed38e2a2f012dd2e71344dd367a513e33393ff8b5c4f,10590425,129772796,ad1a1974edfdb9a128158022c24accae15d2f7bbeee004fa4ecf797ea8c5fcca
498,10590426,129772907,a2b8f46bcebd8172024162ccf4acc7b62a088741d7cbee84ed9ceb1fcd9cac12,10611581,130204797,fc2f5a85ec65e2f493f6d698c607ed75d3f366edeba610d6204ade0dee8a8a44
499,10611582,130204814,caa6558f1056cdecf83ffbd686da1e56a5031a59a488dec4576d72a11cfbd7ed,10632757,130636777,c1ecf5af896d992553f9057b4d9bd6b010215ed203e49468da6b17890fda1483
500,10632758,130636802,76bd3b677fb89609d7b1206f8df2f03158bdf2fa046957fe1abf93dc9558a3ec,10654035,131068792,128d08577d88dbc34d5adc40ef814e11565c40936a46921eee9ea3b11c72cb44
501,10654036,131068825,f26ea5a96290fe4a31042c83a10bfc08a2de88fe996ead25b82f624cabc6dcd2,10675449,131500793,3a3135e237d9c4c8296ef25f4cd515310bbb75c1f844850cbc491e875ce3a8c4
502,10675450,131500801,822f09fd43de0402820a93f4fa60fe2ba83c030e4338d4ebdf5ead3199048d72,10696377,131932767,0e5d2fb39b1656ce5665b1260cfd930b445f66e7a98a789a9fbc70df92af0bee
503,10696378,131932801,f13bd7193aa4434b0d9c6bb8c7d078b1ab95bd7395f69ed85daed8d79d77bcc7,10717691,132364762,5057e12b004cb2f7d1a8798278aaf4db20568519f41f4b95692b27e9de927308
504,10717692,132364900,1a822a141a91393d64a9802065cd331c5032444ac0245e95ecdbec14bcdc22f3,10738701,132796784,aaec72aef649abdfc93221389e9b83f8583f1b6ca2aaf1434836423023891fae
505,10738702,132796808,8a781a280916797acb8cc80ee4dfac9cc2ea1147402135173d8a4b0d3f0c150a,10759881,133228792,343ad6765961875564a95050754661772343aaf00c46fe2e162ea8ae756ab112
506,10759882,133228828,9e0703fa6b6b59e7454aaa22dbd6ef4c1ce9471226ea6c70c8aef34af2449b66,10781330,133660799,e757d57eb8dc9500a61c60a39fadb63d9be6973ba96ae337fd24453d4d15c343
507,10781331,133660855,9aa420cf998dbcceec1abaf83ab26294d278d25527e779050ab334c1fadab16c,10802133,134092758,670ca68c3de580f8469677754a725e86ca72a7be381d3108569f0704a5fca327
508,10802134,134092810,bd14aacfeb71fb52313b58cc0707634eee04ac71e61c438de83ea8ee8b7bd31a,10823158,134524753,29011cc1320d03b3da0121236dc66e6bc391feef4bb1d506a7fb20e769d6a494
509,10823159,134524816,82dbc35b32bcbbad4e14cda9b1bfb1ceeee4d2fb8d2f299caf2008cfe072bd54,10844331,134956789,6558deef007ba372a414466e49214368c17c1f8428093193fc187d1c4587053c
510,10844332,134956806,65cd5824fc0f70a1b628685aa0e747b121c4ce97ca8c7e7d769c9495062a33d3,10865441,135388794,3fd738bacbcc277d43358a28ed15fa4335977c822fd7546d0de2606d7d2a57aa
511,10865442,135388803,9b12edf68a462b48ba9eecb8309c83a80ad65e302ca7205b8743bdba8e70536a,10886578,135820797,d02f89d21fe9c80f927eeda31fadb03b589db2ac5c8108d7171c4c319aca2fa1
512,10886579,135820804,d8ce916fc0d090964f03d474e5dcb9fc02706a2c4be76c566dc05dd1f9d444f8,10907776,136252793,9503c7c669746be68ca34ed4d822d9d0dcccd5c0ef61cb9679a1c1e739534853
513,10907777,136252809,f86ffad729e5e4e87515ef45fb25223f4a17a6d0a4e32f77d5e790f123933f2f,10929231,136684793,e2bb0babbc715953ce1edc4e0c817a4b1fa9d36124648b4d21d1a2ccd26be672
514,10929232,136684810,6e88cc72ca7444a6176d0a1edc285b0119d7a865da455aa121cbba6f3e6b3cc3,10950541,137116798,2c4f7a0a855e76e5d83b9d3e168213711490663dddfc6925e09a37fe46ed62b4
515,10950542,137116848,18e6c9fe95a177600a1d327c1d1aab4839634e9a053784eae227a729a3235b43,10971711,137548794,66c5229785de3ff7bb2834db69fc8da5d3203a7cdf2d6983b3e9e155ff6ec0fb
516,10971712,137548801,5aba8e5c744e14ef1eabfb3f47a46608610a46ea21b57f2cbc3c8e749220f2e9,10992950,137980781,b934fa686e585636cc74a07555dbd8c10f9680464f80273f1d29806ecbc5e822
517,10992951,137980812,4440617a138510129cb44d8d02a766721b0be27672ce6db51392b7f22e4ac43d,11014477,138412701,7c4afb5f4ba5d7182f99fd839e26302bcdca06c9066b825f2f40f4a094d7f0ab
518,11014478,138412855,c34ad7028f58da1726797e1fc3f0889a327c9fb27d4fd72878721468e58516a6,11035576,138844799,a65138e908ccc90014b4ae740382c7908f9636e56c6e9d6ecec38f452b70c93f
519,11035577,138844848,d2da1045ed1d5c95b217646ff0d18907c9e3600823138c133e57977c858961c1,11056478,139276793,0cffc5eb77a6885257fcba94b8fd6fdddc80e368bf4ef855f058c6adda4933c1
520,11056479,139276806,d1da94be1ddae98a59cf0542f08a332d0f2e2f62093ac40d4df32a79f93a98bc,11077597,139708765,58f198313d00d639814db34f32aad259e22c53089dfa95dae79e0e2e4d93c6f0
521,11077598,139708826,f81fd527c3a694054f7468fde3623e36c753832e398346624ad639b4f0c96bb7,11098594,140140779,7e423f52284987b4b358a0a9b6847525c42a818a024dde663101669ab2e8a6ee
522,11098595,140140827,3b7604aafcbc8363c7465017b9f47d4fd078e4614efaa5ca551c37abeea3be3d,11119576,140572798,86f874039f07143ab4d7d5c6ccb27ea33fd1440f81176055fe9e4e6e910800e9
523,11119577,140572806,8945c86f2d03c604d5c7477d662c2601b49ce82b3b82015421eb09048b73d3ed,11140359,141004797,96a53046d8bbfa690b6bfbc2c7f99036b3494f99e616e998224bcfcd33b84e7b
524,11140360,141004800,499611fa1179e2b72ef727292f01eaab820a5f386059ad4283b9383bfb47e965,11161486,141436773,865267d5b5fe9d497418ea72c9b84058e5aa2a98ace96043d53fec32eebf4fef
525,11161487,141436808,b9b192de2ca02e68a41e76cfe9caaf019831af5bdef7d3797d8dcabd8f9c99f4,11182469,141868737,e4846337e6f87ed65c88e770ab5c1bec39de45cbf3bdde88b249ac1ad2cd2a8a
526,11182470,141868807,5fd75d0eb305a29ea97f76a17d3b38166cbc66b9e6d6262fc2e70a73468b8765,11203389,142300776,e10b771555e59db417c07476cd62a2d2069ea7ebdf598f004edc4c19d5a4f113
527,11203390,142300806,3ca39c129369055dee6f6b5ea3f933766f5f5baa5c3682fd09657f365cbe4ef2,11224345,142732790,cbc1208ab9402c1f69714394c79798dd7b67d7764007ccbf8c2811f2e190a94d
528,11224346,142732816,86c0a8284e7a5780c8908ad61355e2b99c347ac7eb5c4e8304f3598ba5e57f9d,11245655,143164797,0431ac93e329344466f4f6ce68c96c962b048ba76d3b17ba153d4ecf26136a39
529,11245656,143164817,1110d29c665c7b4dc8871464175698d188c10d5537c51927197b55b2eb829fe6,11266941,143596790,28f4c53c25568731e379780d5671d68d4b3dd231e374b089d67723c0d17217ec
530,11266942,143596831,781707939221bf64a78cf6bccdb4b6ca49e13a69d12b27e548deb4af21572bbe,11288149,144028793,9a0da49150dee736d1e899e4eb508b7092385d3d83bd372537a76c63c33b8bbb
531,11288150,144028831,653d0b7a47e4f3e829d98eaeb2a1db98a041c0a0641ee32218d7a2fe0ede9460,11309490,144460798,e7c171517bdd7c47781221087c1e8cc1c7e56065f62c1e19fce52cb3bef3ab8f
532,11309491,144460810,12f9de67c69d1678e0f1e2f11c71901e29272453ea9dfb63f1ec32c15e5602fc,11330971,144892789,f8cd6380d77f49416716d6aa409f52498378c999ea6194bed4794474b2313a86
533,11330972,144892802,ca56c71e3c3611fff8a6e71f949a2ae2019711580a5906c3fc4e7d9d84d774b3,11352331,145324786,a14b5b9b0d3a537053ff31f2b3c361760011a343cfaf9a1737783efdc9cc0c23
534,11352332,145324828,2607b95bce2e1af4e78882e071913f5f8277a51ee177f81f05be9f03dbd44f69,11373834,145756788,f343a39c0ce5ef590e888558c268023c7ccc41e0b4c485380216ab9d83f008e0
535,11373835,145756806,5f927821955da468192403036727a7d030ca4607baaa30818739973ffdafcf66,11395051,146188761,675d0807c19e3bf5a2d2f1f5473c60e4fa4dde71ea30143c0e4d9234684423d8
536,11395052,146188820,d13462f2d3d8ab114051005f2a6b6b6df6cef2e508ceb99673fcbbd6b19f1e22,11416645,146620747,152f9c9e84f00b123f146623cff32faa8b4d7df4284c99322a67574b18074038
537,11416646,146620809,d107fce1d682c3ac3cc9ad5b5acdbcfb4130098c1a7edb0cba95ec259bc622b9,11438051,147052765,2f5d132eeef6a20628b0f54ff50ca4b46a6159a0eba548aa2eeffcca129b2154
538,11438052,147052804,07b5ef92caa8912eda29e6dfe28bea6a1c88cc9c0426774c89664e763df9d421,11459109,147484777,a9f6957971c3950255b6b986740aa2b1a5661c61c862374d413dd4b993b65598
539,11459110,147484801,bfb87bdc635f9deeb5817b7fe84681a67dc488022dd3e2b9dcff02c17389090b,11480581,147916775,bb7b2984590b55ea9cc8132ed64d5d25586087534bba57d13a01e0e7a37a9fc5
540,11480582,147916808,c7774263fe7f6dcb98e0dc3900110b41b8dc7508babc282108a28187476f127f,11502061,148348778,c8666d6b2ab9b39eba9d5c697eb17ac25d65e2a98d500eee51344eba8b9e683d
541,11502062,148348804,dfdd44778d6c8a48c6738762d4030156bbc0332c6063755d26a8ea2c2e637cc6,11523233,148780779,908a80040e840c6ffb88f5612546a7e65f829dbdf37473d53b5315eee43306e0
542,11523234,148780814,cd4a904e78cb2bfb9d106d2f77e433e838ce69caefccbffef5be929a9b36d42d,11544517,149212762,0937920a49963c30adb22c2a9804cee15764e09fa87fbe762600c736a13d6657
543,11544518,149212813,d1bc8ef3834707673f4af968f7d999d9a87bdcd1cfd1b7f6643a9abc41000d32,11565641,149644779,ac4ddd1cc64d30e94a42fc735dae4faa4556db1cbc5ea3caeaafc7916c4e7a4e
544,11565642,149644834,2a9b2cdf12d8007c33da393111620fa702052b017b510767336e5903ea58164e,11586663,150076788,4a78ad37cdca1a6fffb5cb475830aaafe5cdb67ff79c5b021e6249ca2b7b4408
545,11586664,150076818,19b26e654c2aa8ff4bb2940ff130a5434683ee1754c604cc9bbe21229a2e0bd5,11607818,150508757,eb363f06c1e3eda6f25a7c0ea11af49adf4aa462c1dff9487d059963c41e3d50
546,11607819,150508806,deeb89b08cfb3a1e7dae095d4c4db889611ec634fb2f5252697fe9002f8cc6cb,11629429,150940767,0b50284f7920f9fe77eec0ef0312b42ce5610b0f922a96e2f95ce8aaaedf22b6
547,11629430,150940806,5b9c8aaa5c503b1bc49a9c4322a94e1ed3b67fd9f99f75a5e4b51cc1081c2ce9,11651012,151372790,255b421670097acfeabecf01061df44130ab77ab0a8b22a8730ebc5953331041
548,11651013,151372807,7325c3a11f265e60e78ce8fbb08cc109d3cf432d47c8d2d5dd432803d56a9147,11672371,151804785,8ea92e2e9cff216a9e3a427a9890dccedeb05a5f318589603db9a5579313c73b
549,11672372,151804808,2f0e07e98e5bea1d6d3c386245c1c4638e48de2a4e430c7bad6fad906536f361,11693654,152236789,a4bcd7791c74bc8eced05cd83a883117347b2feec08de5278a9c700aa1aedb1d
550,11693655,152236800,1abc3c6c75bcd004b24278260cc58c0aa55d5af707dfb46a426b36a5f60668be,11714863,152668790,8da9dde6f1fffe4ad2995c233aa87523a5b8ba8983b31c79c6f20d30542cc848
551,11714864,152668827,31742e105be864b4f6176b8aaf5152d9287e73ef644dac3536a5107374041646,11736289,153100765,11ea0817dbdd1b8501dc4e1579b0b8b836401d51b949c7bc1d92a8088fe32aff
552,11736290,153100809,fd845f2b84e7dde8176cbd98f89f93d1068bcbfcef70c27da37bd3148aab6030,11757680,153532732,1626d9cdec58690918940d0f3415f1d9820dc241db317f500ff852316ec05b04
553,11757681,153532833,10333c48bfb758d6b92340fef23ff3b55631a5ea3778fb439fcd34a31b7ac1d0,11779216,153964796,9a3d40fa1500932dd03ffed586521c85c9b49ddc36e050e8e7a417e60925fec1
554,11779217,153964824,6e54a277f40f66f062d8f5d92487a634e47bec1d77e1651251dffa4ad3a55293,11800788,154396796,385c0ccc6378b8e44922df31d12d54de1cb8719554ddd1cb9190fac516e795e9
555,11800789,154396838,ecac82aefcbb0cd76277e92b976f11a04abfab66ccd4cca24194dc141cba5725,11822061,154828794,d6915924d7344243ff9ee45bf265094c5cdb0804782749209e14697f281e9c62
556,11822062,154828819,efa3fce1c866777e7f5b42236e1b0a03ed3a6204d4aa23db54f669f67aaa8acd,11843662,155260798,e983d1c987b1756c47fbeaec778eba6f87ae6237b42df6d527c6777e9b461733
557,11843663,155260806,589c21d8cf21dfc7119a46d51b1d279ad59fabdd12162011301e49ae09e4dfb7,11864875,155692787,47f793715a25d021cd89f1460b612070128ced781af49f72abb1325ff2a4cab3
558,11864876,155692819,98802830b965d9581599f0f63f7386b30de2a877229ba6c8ef6aa99a951e61c4,11886289,156124757,ef97bfc0fa30ec1524d0a8bd1b9583e5c73b89d8cbd46ca9495f0377a3932067
559,11886290,156124816,baaa0d54eac67c4a9c4deebd2a6404206c42a4671866cc0859cb43c60bf26252,11907393,156556798,c1b14d5d269901fffadf1cfac0cfc4a23e337dfea392fc49494f33b1925235db
560,11907394,156556812,8e0f66a50f5ade0eb2dd37694cb48cf304a361b82110e208edd2fa200e26142b,11928752,156988781,f88a1f38cdca87332e3c03ca9c2a2ef99aab9e1dd7662b1a6d4a5984064b3b2e
561,11928753,156988810,f19e3933dafb4c713cdd8f64fdd4dbddf431e03f5d125e52aba35159d22cdfc4,11950239,157420799,09301fe825dd68c2a7700683a7f8cc48a2b77b4935ae84e0b5ad9881cb4a4285
562,11950240,157420801,d419bac2f23826893d329f7fd8fe9377575af727df13c5b16273c1d4440df2ff,11971727,157852746,a9d2a2c63368da01a5a97283978bd0b974d88aeba504bac0a4f4d5b8748d0876
563,11971728,157852837,0dad710b496fe3ed0202a6d70c3a9c2d28848b4af633f93037f7fc89d35a1e33,11993088,158284798,d745febd407a3516b483561677369c9c13eb20930f3719da694ec8d548b44442
564,11993089,158284841,cf9e686d0779cb2506d30506b951563af55ed5f5513a74f35de9ec19daeeecaa,12014378,158716783,a58e7dd7f01b065e19acf64e4d5c50c38b91b7a98144a9868ee840f9705d811c
565,12014379,158716810,bab074dc38214d96ad79a19a9d854a1d7cb95036dabf2ae4219aeef8fa0b343f,12035843,159148764,db069cb378c10ed3210e9ffd2150c6a4b9b4f6304f3f7584f1deab76515dba87
566,12035844,159148832,5378246badd6210d05c62b466ebfefa4dc71ea2997073b1cc03c1a0192108cfa,12057157,159580777,518e536d3135272804df86ceabdd278469d4959b6c3ef319b87c1cef0cff7286
567,12057158,159580813,02e914b6364d0948c15c7c8dbae6c0837b45d62462343da8733b29485dc742f6,12078589,160012788,8623cf57d6189b313bda77192daf84f27ba04f6eb78efc31b4e62c1003d11bdb
568,12078590,160012818,b68f4099bb755202b9be302886379c0cc79ce6178a4e71f1173ebc34fead6ad6,12100124,160444784,cc79715c32961e40ebbce83cb65ca63fca4bb3a38d3cb3dc01cb6009135c223e
569,12100125,160444814,347993f8c93aa95a088c77732d054458597275e085bfdc9f00814e73e6f37000,12121532,160876767,53ed9671c4da1bae1b4045e461b712276d22bc4fea1a47e7ee267d18b474bbec
570,12121533,160876819,3c01a009143b2429f82a0287fb48b59bce79a4ac210723ed1535297f49da83ee,12142621,161308756,5a392b5deb2adbf67962fb1473d4935c5751fbf2f5c452ccedb11585418a937b
571,12142622,161308832,ebd1e4c3c44473c15e59fbebb7241a021b4429143b551a26e8dd851d985f0d67,12163985,161740791,398108869ac3017147d68494bfc1e49041346ed4be178c24f9e7e7241e1bde97
572,12163986,161740815,bad7fc41ccf975ca85e1b1b2940383d1f923a84661aece6725519bed7cdca85c,12185619,162172789,a0dbc5c112c687ab480636047b5aee96345ecafb68fa04047a38344c66f57b7b
573,12185620,162172815,69746693d88b14e71e2456948eb9baab77c57152b70105a4f7b21300e5e9e302,12206773,162604789,48f31dc87d9d3decb489b7b5e38dcafe93c20c53d2e379b234e99cccddb73f2f
574,12206774,162604872,23ed6d28e575d5c82bbac55d587ead1cdada77d76c669fba6001fcd41c5a4078,12228155,163036784,386a4b593a60c3717cd3a76ca5542d9e3e1a7d588215a7c80ef27280582dda4e
575,12228156,163036800,f12efc01de8df0fad06638096a156a22af8eda28caf4b8610c7a90a37a848a20,12249430,163468786,1796cfda572a04bda132c3a50605fd885ae769f64a6ff290250ec315bc619646
576,12249431,163468813,8de93978a0a18b8751d5b7f4f18773234cf5d0af0ef2d4f1178c75eb80bbd6c6,12270975,163900784,f85cb1b0a17ac0a6eccf95e309696287bdb147ebade0e5321dd420d467ee5ce0
577,12270976,163900817,030b9fe7e439b77ecd61112bc87d981599611bc210ae228481848b84a0da6257,12292348,164332754,f7b93c29fa36255f58b8c9b9368afe4dacb80ca18591544012d7aaf55b3917e1
578,12292349,164332810,6a37eaeed1b4c66bacdfea43d1982421d2483098a52e551cc6d31a75b6dae2fc,12313653,164764774,2bbfc4a9fda4ce63a89e3c68e8b86c86b8b56249aca4747e82046cc098f1ab97
